code,name,lat,lon,flag
353230295,BIAŁYSTOK,53.11,23.16,
349190600,BIELSKO-BIAŁA,49.81,19.00,
353170235,CHOJNICE,53.70,17.53,
350190550,CZĘSTOCHOWA,50.81,19.10,
354190160,ELBLĄG-MILEJEWO,54.17,19.43,
354180155,GDAŃSK-ŚWIBNO,54.33,18.95,
352150300,GORZÓW WIELKOPOLSKI,52.74,15.28,
349200628,HALA GĄSIENICOWA,49.24,20.01,gory
354180135,HEL,54.60,18.82,
350150500,JELENIA GÓRA,50.90,15.79,
351180435,KALISZ,51.78,18.08,
349190650,KASPROWY WIERCH,49.23,19.98,gory
350190560,KATOWICE-MUCHOWIEC,50.24,19.03,
350200570,KIELCE-SUKÓW,50.81,20.69,
354160105,KOSZALIN,54.20,16.15,
351210488,KOZIENICE,51.57,21.55,
352180345,KOŁO,52.20,18.64,
354150100,KOŁOBRZEG-DŹWIRZYNO,54.17,15.40,
350190566,KRAKÓW-BALICE,50.08,19.80,
349210670,KROSNO,49.69,21.77,
354210185,KĘTRZYN,54.07,21.37,
350160520,KŁODZKO,50.43,16.65,
351160415,LEGNICA,51.19,16.20,
349220690,LESKO,49.47,22.34,
351160418,LESZNO,51.83,16.53,
351220495,LUBLIN-RADAWIEC,51.22,22.40,
354170125,LĘBORK,54.55,17.75,
353210280,MIKOŁAJKI,53.79,21.58,
353200270,MŁAWA,53.10,20.36,
349200660,NOWY SĄCZ,49.62,20.69,
353200272,OLSZTYN,53.77,20.42,
350170530,OPOLE,50.63,17.97,
353160230,PIŁA,53.13,16.75,
352160330,POZNAŃ-ŁAWICA,52.42,16.83,
352190360,PŁOCK,52.55,19.73,
350180540,RACIBÓRZ,50.09,18.19,
353150210,RESKO-SMÓLSKO,53.77,15.40,
350220580,RZESZÓW-JASIONKA,50.11,22.02,
350210585,SANDOMIERZ,50.69,21.72,
352220385,SIEDLCE,52.18,22.28,
351190469,SULEJÓW,51.35,19.88,
354220195,SUWAŁKI,54.13,22.95,
353140205,SZCZECIN,53.40,14.62,
352140310,SŁUBICE,52.35,14.56,
350200575,TARNÓW,50.03,20.99,
352230399,TERESPOL,52.07,23.62,
353180250,TORUŃ,53.04,18.60,
354160115,USTKA,54.58,16.86,
352200375,WARSZAWA,52.17,20.97,
351180455,WIELUŃ,51.22,18.57,
351160424,WROCŁAW-STRACHOWICE,51.10,16.89,
351230497,WŁODAWA,51.55,23.55,
349190625,ZAKOPANE,49.30,19.96,
350230595,ZAMOŚĆ,50.73,23.25,
351150400,ZIELONA GÓRA,51.93,15.53,
354170120,ŁEBA,54.75,17.54,
351190465,ŁÓDŹ,51.72,19.40,
350150510,ŚNIEŻKA,50.74,15.74,gory
353140200,ŚWINOUJŚCIE,53.90,14.24,
